id,name,address,overview,feature1,feature2,feature3,reviews,region,link,hours,fee,taken_time,,,,,,,,,,,,,
1,새별오름,제주특별자치도 제주시 애월읍 봉성리 산59-8,제주특별자치도 오름 추천 리스트에 빠지지 않고 등장하는 핫플레이스 오름,"가을, 겨울에는 억새밭이 매력적인 제주도의 대표 오름. 초심자도 쉽게 올라갈 수 있다","경사가 조금 있는 편이며, 정상까지 30분 내외로 도달할 수 있다",정상에 오르면 제주도 서쪽 아름다운 해변과 비양도를 볼 수 있다,260,west,https://map.naver.com/p/entry/place/17029023,상시개방,무료,40분,,,,,,,,,,,,,
2,쇠소깍,제주특별자치도 서귀포시 쇠소깍로 104,제주 올레 5코스의 끝이자 6코스의 시작인 바닷물과 민물이 만나는 비밀스런 계곡," 양 벽에 기암괴석이 병풍처럼 둘러서 있고, 그 위로 숲이 우거져 신비한 계곡에 온 기분을 느낄 수 있다",쇠소깍의 바위에 비추는 민물은 유난히 푸르고 맑아 짙회색의 기암괴석과 절경을 이룬다,담수의 산책로를 내려가면 여러 명이서 함께 타는 태우와  2인이 함께 타는 전통 조각배를 타볼 수 있는 작은 승선 장소가 있다,77,south,https://map.naver.com/p/entry/place/11707633,09:00 ~ 17:00,10000원,20분 ~ 40분,,,,,,,,,,,,,
3,금오름,제주특별자치도 제주시 한림읍 금악리 산1-1,패러글라이딩 풍경을 감상할 수 있는 고매함이 느껴지는 오름,산정화구호 뿐만 아니라 정상에서 바라보는 경치와 정상 분화구의 능선이 아름다워서 관광객들이 즐겨 찾는 오름 중 하나이다,"파란 바다와 푸른 초원, 그 위로 풀을 뜯고 있는 말들의 목가적인 풍경에서 평화로움을 만끽할 수 있다",근처에 제주 하늘을 날아볼 수 있는 패러글라이딩 투어가 있다,81,west,https://map.naver.com/p/entry/place/17020866,상시개방,무료,1시간,,,,,,,,,,,,,
4,헬로키티아일랜드,제주특별자치도 서귀포시 안덕면 한창로 340,많은 사랑을 받고있는 헬로키티 전시관,어린이 뿐만 아니라 어른들도 창의적인 경험을 통해 예술적 감수성을 일깨울 수 있는 테마 박물관,2층에 마련된 헬로키티 카페는 향긋한 커피와 키티가 그려진 달콤한 디저트를 맛볼 수 있는 휴식 공간이다,특별프로그램을 통해 헬로우 키티의 독특한 문화를 체험하고 최첨단 3D극장을 관람 할 수도 있다,17344,west,https://map.naver.com/p/entry/place/33703960,09:00 ~ 18:00,14000원,2시간,,,,,,,,,,,,,
5,카멜리아힐,제주특별자치도 서귀포시 안덕면 병악로 166,"동백꽃, 수국, 억새, 핑크뮬리 등으로 봄, 여름, 가을, 겨울 모두 아름다운 동양에서 가장 큰 동백 수목원",수목원 안에 아기자기한 포토 스폿이 많아 연인과 가족 단위 관광객에게 특히 인기가 높다,이니스프리 CF의 배경으로 알려진 새소리 바람소리길은 물론 제주의 돌담이 이어진 전통 올레길과 노란 전구들이 반짝반짝 빛나는 감성적인 숲길,계절마다 새롭게 옷을 갈아입는 덕분에 어느 때에 방문해도 인생샷 100%의 성공률을 자랑한다,52911,west,https://map.naver.com/p/entry/place/11846866,08:30 ~ 18:30,10000원,40분 ~ 80분,,,,,,,,,,,,,
6,오설록 티 뮤지엄,제주특별자치도 서귀포시 안덕면 신화역사로 15 오설록,"제주녹차문화의 중심. 차 박물관과 녹차밭, 연못과 산책로, 전망대","동서양 전통과 현대가 조화를 이룬 문화의 공간이자, 자연 친화적인 휴식공간으로, 건물 전체가 녹차잔을 형상화하여 만들어졌다",녹차와 한국 전통 차 문화를 이해할 수 있는 학습 공간으로 설록차의 모든 것을 체험해 볼 수 있는 곳이다,"티 하우스에서는 티 마스터가 직접 볶은 따뜻한 차와 오설록 녹차로 만든 음료 아이스크림, 롤케익크 등을 즐길 수 있다",36073,west,https://map.naver.com/p/entry/place/11612628,09:00 ~ 18:00,평균 7000원,1시간,,,,,,,,,,,,,
7,금능해수욕장,제주특별자치도 제주시 한림읍 금능길 119-10,바닥이 훤히 비치는 투명한 물빛과 바닷물이 찰박거리는 얕은 수심으로 아이들과 다녀오기에 최적의 조건을 갖춘 해수욕장,"파란 물감을 풀어놓은 것 같은 바다부터 생김새가 귀여운 비양도, 촉감이 보슬거리는 모래사장을 가지고 있다",새로 신축된 샤워실은 온수 샤워가 가능해 해수욕장 이용에 편리함을 갖췄다,비양도부터 서서히 물들어가는 노을은 순식간에 파란 하늘을 노란 빛으로 바꿔 놓으며 잊지 못할 황홀함을 선사한다,160,north,https://map.naver.com/p/entry/place/13491073,10:00 ~ 19:00,무료,1시간,,,,,,,,,,,,,
8,용머리해안,제주특별자치도 서귀포시 안덕면 사계리 112-3,신비로운 용의 머리를 연상시키는 절벽,파도의 치여 비밀의 방처럼 움푹 패인 굴 방이나 암벽이 간직하고 있는 파도의 흔적은 기나긴 역사와 마주할 때의 웅장함을 느끼게 한다, 근처에는 네덜란드 선인 하멜의 선박이 난파되어 이곳에 표착했던 것을 기념하는 하멜 표류 기념비가 서있다,길이 30~50m의 절벽이 굽이 치듯 이어지는 장관은 CF와 영화의 배경으로도 촬영된 바 있다,719,south,https://map.naver.com/p/entry/place/13491455,상시개방,2000원,1시간,,,,,,,,,,,,,
9,함덕해수욕장,제주특별자치도 제주시 조천읍 조함해안로 525,에매랄드처럼 빛나는 '한국의 몰디브',물이 맑고 수심이 얕아서 가족 단위 피서지로도 좋다,해수욕장 서쪽은 구름 다리로 연결되어 있어 바다 위를 걷는 듯한 경험을 할 수 있다," 피크닉 하기 좋은 잔디밭, 밤에도 안심하고 바다를 즐길 수 있는 산책로가 매력이어서 사계절 찾는 이들의 발길이 끊이지 않는다",1089,north,https://map.naver.com/p/entry/place/11491805,10:00 ~ 19:00,무료,2시간,,,,,,,,,,,,,
10,아쿠아플라넷 제주,제주특별자치도 서귀포시 성산읍 섭지코지로 95 아쿠아플라넷 제주,450여종의 바다생명체가 있는 아시아 최대 수족관,"이는 63씨월드의 약 11배에 달하는 규모로, 단일 수조로는 세계 최대급을 보유하고 있다","제주의 앞 바다를 재현한 초대형 수조 '제주의 바다'를 비롯해 ‘해양과학 체험관’, ‘대형 해양공연장’ 등을 운영하고 있어 다양한 컨텐츠를 접할 수 있다","국내에서 가장 많은 종의 해양포유류를 보유하고 있다(참물범, 바이칼물범, 남아메리카바다사자 등)",45560,east,https://map.naver.com/p/entry/place/19708047,09:30 ~ 19:00,42400원,3시간,,,,,,,,,,,,,
11,광치기해변,제주특별자치도 서귀포시 성산읍 섭지코지로 63,성산일출봉과 독특한 해안지형이 어우러져 이색적인 풍광을 간직한 해변," 펄펄 끓던 용암이 바다와 만나 빠르게 굳어지며 형성된 지질구조가 특징이며, 특히 썰물 때는 바닷물에 가려있던 비경들이 속속들이 들어나 숨은 비경을 선사한다","광치기해변의 모래는 현무암의 풍화작용으로 오랜 세월에 걸쳐 만들어진 입자로, 검은 색을 띄는 것이 특징이다",성산일출봉 옆으로 뜨는 일출을 한 프레임에 담을 수 있어 연말연시에 많은 사람들이 찾는다,69,east,https://map.naver.com/p/entry/place/38466341,상시개방,무료,30분,,,,,,,,,,,,,
12,에코랜드 테마파크,제주특별자치도 제주시 조천읍 번영로 1278-169,"1800년대 증기 기관차인 볼드윈 기종 모델의 기차를 타고, 약 4.5km 거리의 곶자왈을 체험하는 원시림 테마파크","보온과 보습 효과가 높아 다양한 기후대의 식물이 공존하여 학술적으로 가치가 높고, 생명력과 신비로움을 관찰할 수 있는 독특한 분위기를 가졌다","에코랜드는 사계절 내내 다른 분위기를 띄고 있는데, 봄과 여름에는 푸른 녹음과 따뜻한 햇살을, 가을에는 알록달록 피어난 코스모스와 억새 물결을, 그리고 겨울에는 새하얀 설경을 볼 수 있다","에코랜드는 각기 다른 테마를 가진 역(에코브릿지, 레이크사이드, 피크닉가든, 그린티&로즈가든)들로 나뉘어 있다",27912,north,https://map.naver.com/p/entry/place/19584967,08:30 ~ 18:20,16000원,2시간,,,,,,,,,,,,,
13,스누피가든,제주특별자치도 제주시 구좌읍 금백조로 930,개성적인 모습을 자랑하는 피넛츠 캐릭터들을 만나 그들과 상호관계를 통해 공감과 힐링의 메시지를 얻을 수 있는 특별한 장소,"자연과 인간의 조화와 균형을 중요하게 생각하는 에스앤가든의 철학을 담은 곳으로, 삶과 자연의 균형을 맞추는 특별한 인생 가드너 스누피가 있다",매주 수요일은 반려동물데이로 운영되고 있다. 반려동물 동반 티켓 구매 시 입장 가능하며 실내는 케이지나 개모차를 이용해야 한다,스누피와 피너츠 캐릭터들의 다양한 굿즈를 판매하는 장소도 있다,12715,east,https://map.naver.com/p/entry/place/1875149782,09:00 ~ 18:00,18000원,1시간 30분,,,,,,,,,,,,,
14,이호테우해수욕장,제주특별자치도 제주시 이호일동 1665-13,붉은 조랑말과 흰 조랑말의 극명하게 대조되는 색감이 이국적인 풍경을 선사하는 해변. 도심과 가장 가깝고 교통이 편리하다.,"이호테우해변 길목에는 아카시아 숲이 우거져 있고, 모래사장 뒤에는 소나무 숲이 형성되어 있다",소나무 숲 사이에는 캠핑장이 마련되어 있어 여름이면 텐트를 가지고 캠핑을 즐기러 오는 사람들이 많다,해수면이 가장 낮아지는 간조에는 끝없이 넓은 백사장과 함께 원담의 모습도 볼 수 있다,247,north,https://map.naver.com/p/entry/place/11491767,상시개방,무료,1시간,,,,,,,,,,,,,
15,정방폭포,제주특별자치도 서귀포시 칠십리로214번길 37,높은곳에서 바다로 떨어지는 물줄기의 시원함 · 명승 제43호 · 올레6코스,"정방폭포는 천제연폭포, 천지연폭포와 더불어 제주도 3대 폭포라고 불린다","멀리서도 시원한 폭포 소리가 들리고, 폭포 양쪽으로 주상절리가 잘 발달한 수직 암벽도 볼 수 있다","정방폭포의 한쪽 석벽에는 '서불과차'라는 글이 새겨져 있는데, 진시황의 불로초와 관련된 전설이 내려온다",7543,south,https://map.naver.com/p/entry/place/11491630,09:00 ~ 18:00,2000원,30분,,,,,,,,,,,,,
16,사계해안,제주특별자치도 서귀포시 안덕면 사계리,"형제섬, 산방산, 한라산, 용머리해안까지 조망이 가능한 한적한 해변",낚시꾼들 사이에서는 제주 남서부 연안의 감성돔 낚시터로 손꼽히는 곳이다,인근 마을은 한적한 곳이긴 하나 곳곳에 작은 카페들이 있어 잠시 머물러 가기에도 좋다,사계’ 란 해안변을 따라 형성된 깨끗한 모래와 푸른 물이 어우러지는 명사 벽계를 일컫는 말이다,104,south,https://map.naver.com/p/entry/place/17083214,상시개방,2000원,30분,,,,,,,,,,,,,
17,절물자연휴양림,제주특별자치도 제주시 명림로 584,청정한 공기와 쭉쭉 뻗어 올라간 삼나무 숲으로 힐링하기 좋은 휴양림,"  휴양림에는 전망대, 등산로, 야영장 등의 편의시설과 체력단련시설, 어린이놀이터, 야외교실, 자연관찰원 등의 교육시설이 갖추어져 있다","천연림 100㏊, 인공림 200㏊로 약 300ha에 이르는 삼나무 숲에는 삼나무 이외에도 소나무와 산뽕나무, 까마귀와 노루 등의 동물도 서식하고 있다","근처에는 절물오름이 유명한데 큰대나오름과 족은대나오름, 두 개의 오름을 끼고 있으며 오름 옆구리에 둥근 화구가 남아 있는 특이한 유형을 가지고 있다",8197,north,https://map.naver.com/p/entry/place/13165795,07:00 ~ 18:00,1000원,1시간 30분,,,,,,,,,,,,,
18,만장굴,제주특별자치도 제주시 구좌읍 만장굴길 182,유네스코 지정 세계자연유산인 세계적인 규모의 용암동굴,"만장굴 내에는 용암종유, 용암석순, 용암유석, 용암유선, 용암선반, 용암표석 등의 다양한 용암동굴생성물이 발달해있다",우리나라 박쥐의 대표 종인 제주관박쥐와 긴가락박쥐가 수 천 마리 씩 거주하고 있다,"총 길이가 약 7.4km에 이르며, 부분적으로 다층구조를 지니는 용암동굴이다",4645,north,https://map.naver.com/p/entry/place/11608192,09:00 ~ 18:00,4000원,1시간,,,,,,,,,,,,,
19,9.81 파크 제주,제주특별자치도 제주시 애월읍 천덕로 880-24,"세계 최초의 그레비티 레이싱 테마파크, 9.81 파크","세 종류의 GR(Gravity Racer)로 4개의 코스, 총 10개 트랙의 레이스 코스에서 오직 중력 가속도 만으로 비양도를 품은 푸른 바다를 보며 ‘다운힐 레이싱’을 즐길 수 있다","주위 자연과 어우러져 다채로운 어트랙션(링고, 하늘그네, 스포츠랩, VR액티비티 등)이 존재한다",제주의 건강한 재료들로 만든 트렌디한 식당과 로봇이 내려주는 커피숍이 있다,11261,north,https://map.naver.com/p/entry/place/1666616962,09:00 ~ 18:00,49500원,2시간,,,,,,,,,,,,,
20,협재해수욕장,제주특별자치도 제주시 한림읍 협재리 2497-1,"비양도, 은모래, 바다가 그려낸 그림같이 아름다운 해변",투명한 물에 에메랄드빛 물감을 서서히 풀어놓은 듯한 바다빛은 보는 것만으로도 힐링이 된다,바다 앞에는 어린 왕자 속 보아뱀을 삼킨 코끼리 그림 모양의 ‘비양도’가 있다. 비양도와 바다 위로 떨어지는 석양은 이곳에서 놓칠 수 없는 또 하나의 장관이다,"협재해수욕장은 경사가 완만해 수심이 얕고, 소나무 숲도 있어서 어린이가 있는 가족 단위 여행객의 휴가지로 좋다",568,north,https://map.naver.com/p/entry/place/11491807,상시개방,무료,30분,,,,,,,,,,,,,
21,제주레일바이크,제주특별자치도 제주시 구좌읍 용눈이오름로 641,해외에 온 것 같은 풍경이 펼쳐지는 100% 자동 힐링 레일바이크,"구좌읍 주변의 오름과 우도, 성산일출봉 등을 조망할 수 있을 뿐 아니라, 목장이 함께 운영되고 있어 방목된 100여 마리의 소를 감상할 수 있다",2층에 위치한 전망대에 오르면 용눈이 오름을 배경으로 펼쳐진 레일바이크의 풍경과 목장의 모습을 함께 감상 할 수 있다,매 시간 정시부터 30분 사이에 운행하며 트레일 완주는 약 35분 정도 소요된다,12573,east,https://map.naver.com/p/entry/place/33359625,09:00 ~ 17:30,15000원,1시간,,,,,,,,,,,,,
22,섭지코지,제주특별자치도 서귀포시 성산읍 섭지코지로 107,아름다운 해안이 일품인 섭지,"들머리의 신양해변백사장, 끝머리 언덕위 평원에 드리워진 유채밭과 제주조랑말들, 바위로 둘러친 해안절벽과 우뚝 치솟은 선바위 등은 전형적인 제주의 아름다움을 만날 수 있다","제주의 다른 해안과는 달리 송이라는 붉은 화산재로 되어 있고, 밀물과 썰물에 따라 물속에 잠겼다가 일어서는 기암괴석들은 어디에서도 볼 수 없는 자연의 수석 전시회를 연출한다",선돌바위에는 선녀와 용왕신의 막내아들에 관한 슬픈 전설도 전해내려온다,3371,east,https://map.naver.com/p/entry/place/13490878,상시개방,무료,1시간,,,,,,,,,,,,,
23,김녕해수욕장,제주특별자치도 제주시 구좌읍 해맞이해안로 7-6,너럭바위 용암 위에 모래가 쌓여 만들어진 해수욕장,"하얀 모래에 부서지는 파도들이 시원한 소리를 내고, 코발트빛 바다 풍경이 제주 자연의 아름다움을 새삼 느끼게 해주는 곳이다", 해변가를 걷다 보면 제주의 바람으로 돌아가는 김녕풍력발전기들을 관찰할 수 있다,"김녕해수욕장은 특이한 지형으로 인해 지질트레일도 조성이 되어 있는데, 지질트레일은 유네스코 세계지질공원을 활용해 각 지역의 지질자원과 마을의 역사 및 문화와 어울려진 도보길이다",122,north,https://map.naver.com/p/entry/place/13491485,상시개방,무료,1시간,,,,,,,,,,,,,
24,천제연폭포,제주특별자치도 서귀포시 천제연로 132 천제연폭포관리소,주상절리형의 암벽과 에메랄드 빛의 연못이 매력적인 제주도의 3단 폭포 ,"폭포 양쪽으로는 난대림이 형성되어 있는데, 국내에서는 보기 드문 송엽란, 담팔수 등이 자생하며, 여러 가지 상록수와 덩굴식물 ·관목류가 무성하게 어우러져있다"," 2단과 3단 폭포 사이에는 선임교라는 아치형의 다리가 있는데, 옥황상제를 모시던 칠선녀가 옥피리를 불며 내려와 노닐다 올라갔다고 하는 전설이 있어 칠선녀다리로도 불린다","폭포 근처에 있는 암석동굴 천정에는 이가 시리도로 차가운 물이 쏟아져 백중, 처서에 이물을 맞으면 모든 병이 사라진다는 설이 있었으나 지금은 수영이 금지되어 진입할 수 없다",4291,north,https://map.naver.com/p/entry/place/11491637,09:00 ~ 17:20,2500원,1시간 30분,,,,,,,,,,,,,
25,신화테마파크,제주특별자치도 서귀포시 안덕면 신화역사로304번길 98,"15개의 최신 놀이기구와 어트랙션, VR체험과 게임, 퍼레이드와 쇼 등을 즐길 수 있다","15개의 최신 놀이기구와 어트랙션, VR체험과 게임, 퍼레이드와 쇼 등을 즐길 수 있다","제주 신화월드에 속하는 테마파크로, 주변에 호텔 및 리조트와 신화워터파크가 있다","3가지 테마(로터리파크, 오스카뉴월드, 라바어드벤처빌리지)로 구성되어있다",3966,west,https://map.naver.com/p/entry/place/1870600980,10:00 ~ 20:00,24000원,4시간,,,,,,,,,,,,,
26,제주맥주 양조장,제주특별자치도 제주시 한림읍 금능농공길 62-11,제주도 하면 가장 먼저 떠오르는 로컬맥주인 제주맥주 양조를 체험할 수 있는 장소,"양조장 투어는 사전예약제로 운영되는데, 오후 1시를 시작으로 7시까지 다양한 시간대로 총 7번의 투어를 진행한다",제주맥주의 양조 과정을 제주 바다만큼이나 투명하게 소개하는 제주맥주의 도슨트 투어는 30~40분 동안 이어진다,양조장 투어를 마친 사람들이 맥주를 맛볼 수 있도록 양조장 건물 3층에 펍을 만들어 놓았다,1903,west,https://map.naver.com/p/entry/place/85279427,12:30 ~ 19:30,19000원,1시간,,,,,,,,,,,,,
27,휴애리자연생활공원,제주특별자치도 서귀포시 남원읍 신례동로 256,자연속 동·식물들과 교감이 있는 체험형 자연생활공원,"계절마다 수국, 핑크뮬리, 동백꽃, 매화, 유채 등 다양한 꽃을 즐길 수 있다","철분과 미네랄 성분이 풍부한 화산송이로 이루어진 휴애리공원에서 발지압을 하며 건강을 챙길 수 있고 굴렁쇠 굴리기, 투호던지기, 돌 탑 쌓기 등을 체험할 수도 있다","흑돼지, 토끼, 소, 닭 등의 동물들과 교감하며 먹이주기 체험을 할 수 있고 제주감귤을 따는 방법을 배우고 직접 따서 맛볼 수 있다",16592,south,https://map.naver.com/p/entry/place/12047800,09:00 ~ 18:00,13000원,2시간,,,,,,,,,,,,,
28,비자림,제주특별자치도 제주시 구좌읍 비자숲길 55,500~800년생 비자나무들이 자생하는 신비로운 느낌의 휴양림,숲 입구에서부터 기분 좋은 향기가 퍼져 나오는 힐링 산책로가 조성되어 있다,벼락 맞은 나무부터 긴 세월이 느껴지는 아름드리 나무까지 다양한 비자나무를 만날 수 있다,약 1시간 정도의 무료 탐방해설을 통해 비자림에 자라는 다양한 식물과 숨은 이야기를 들을 수 있다,11546,east,https://map.naver.com/p/entry/place/12370507,09:00 ~ 18:00,3000원,1시간,,,,,,,,,,,,,
29,제주민속촌,제주특별자치도 서귀포시 표선면 민속해안로 631-34,제주도 삶의 원형을 간직한 민속촌,제주도민의 민속 문화를 간직하고 있는 제주민속촌은 제주에서 가장 제주다운 곳이다,"제주의 민속 문화가 제대로 보존되어 있으며, 우리의 꽃과 나무를 한눈에 보고, 세계 문화의 유사성과 차별성을 비교해 볼 수 있는 문화 공간이다",조선말인 1890년대를 기준 연대로 삼아 제주 전래의 민속자료를 총체적으로 정리하여 전시하고 있다,7001,east,https://map.naver.com/p/entry/place/11590712,08:30 ~ 17:00,15000원,1시간 30분,,,,,,,,,,,,,
30,테디베어뮤지엄,제주특별자치도 서귀포시 중문관광로110번길 31,다양한 테마와 재미있는 볼거리가 가득한 국내 유일의 테디베어 박물관,세계 각국에서 모아 온  진귀한 테디베어들이 전시되어 있다,테디베어 전시를 통해서 20세기 인류 역사를 소개하고 있다,중문 색달해변이 내려가 보이는 잔디광장과 야외정원이 조성되어 있어 싱그러운 바닷바람과 함께 산책의 여유로움도 찾을 수 있다,"4,489",south,https://map.naver.com/p/entry/place/11607804,09:00 ~ 18:00,12000원,1시간,,,,,,,,,,,,,
31,빛의 벙커,제주특별자치도 서귀포시 성산읍 서성일로1168번길 89-17 A동,성산에 숨겨져 있던 통신 벙커에서 열리는 미디어 아트 전시,"벙커를 빛과 소리로 새롭게 탄생시킨 문화 재생공간으로, 현재 제주를 대표하는 예술 랜드마크이다","고화질 프로젝터로 벽면, 기둥, 바닥 등 사방에 명화를 투사해 역동적이고 완벽한 몰입감을 선사한다",이번 전시는 현대 회화의 세잔과 추상 회화의 칸딘스키 작품을 만날 수 있다,"16,366",east,https://map.naver.com/p/entry/place/1279138610,10:00 ~ 18:20,18000원,1시간,,,,,,,,,,,,,
32,천지연폭포,제주특별자치도 서귀포시 서홍동 2565,아름다운 폭포와 울창한 숲이 특징인 제주도의 대표 폭포,하늘과 땅이 만나 이루어진 연못이라는 의미로 서귀포 폭포 중에서 규모나 경관 면에서 단연 으뜸이다,산책로를 따라 자연을 감상하며 걸으면 웅장한 모습의 폭포를 볼 수 있다,야간조명이 설치되어 있어 야간에는 빛나는 색다른 폭포의 모습을 볼 수 있다,"7,031",south,https://map.naver.com/p/entry/place/11491638,09:00 ~ 22:00,2000원,30분,,,,,,,,,,,,,
33,대포해안주상절리대,제주특별자치도 서귀포시 이어도로 36-30,해안선을 따라 형성된 절경과 육각형의 돌기둥,제주도의 빼어난 해안 절경 중 하나로 손꼽히는 곳이다,마치 예리한 조각 칼로 섬세하게 깎아낸 듯한 4~6각형 형태의 기둥을 볼 수 있다,"기둥에 파도가 부딪힐 때, 높이 20m 이상 치솟는 '쇼'가 펼쳐지기도 한다",1018,south,https://map.naver.com/p/entry/place/16927391,09:00 ~ 17:00,2000원,30분,,,,,,,,,,,,,
34,곽지해수욕장,제주특별자치도 제주시 애월읍 곽지리 1565,시원한 용천수를 뿜어내는 노천탕이 있는 곳,"협재해수욕장, 이호테우해수욕장과 함께 제주시에서 많은 사람들이 꾸준히 찾고 있는 제주도의 대표 해수욕장이다",파도가 높지 않아 해수욕과 함께 피서를 즐기기에 좋다,썰물 때 바닷물이 빠지면 바닷물 대신 용천수가 흘러나와 과물노천탕을 즐길 수 있다,715,west,https://map.naver.com/p/entry/place/13491575,상시개방,무료,30분,,,,,,,,,,,,,
35,판포포구,제주특별자치도 제주시 한경면 판포리,서귀포 끝자락에 있는 깨끗한 물색을 자랑하는 작은 포구,"서쪽의 다른 해수욕장에 비해 물이 깊고 입수 전에는 모래가 없어, 수영과 스노클링을 즐기기에 안성맞춤이다",스노클링 장소로 유명해지면서 여름이면 맑은 스노클링을 하기 위한 관광객들로 성황이다,무늬오징어가 잡히는 포인트로도 유명해 낚시꾼들도 자주 찾는다,39,west,https://map.naver.com/p/entry/place/1828521312,상시개방,무료,30분,,,,,,,,,,,,,
36,동백포레스트,제주특별자치도 서귀포시 남원읍 생기악로 53-38,사진찍기 좋은 신례리 동백나무 군락지,동글동글한 애기동백나무가 심어져 있는 동백 군락지이다,화려하게 피어난 동백꽃과 군락지를 둘러싼 돌담 그리고 나무 주변에 의자가 배치되어 있어 사진찍기에 좋다,12월 말부터 1월 사이에 애기동백꽃이 만개해 절정에 이른다,3340,south,https://map.naver.com/p/entry/place/1611903913,09:00 ~ 17:30,6000원,1시간,,,,,,,,,,,,,
37,1100고지습지,제주특별자치도 서귀포시 색달동 산 1-1,겨울이면 더욱 아름다운 한라산 대표적인 뷰포인트,가장 쉽게 한라산을 조망할 수 있는 뷰포인트이자 제주도의 아름다운 드라이브 명소이다,겨울이면 눈 꽃이 내린 모습이 장관을 이루는 제주도 최고의 눈꽃명소이다,나무 데크로 산책로가 조성되어 있어 산책하기에 좋은 1100고지 습지가 있다,351,west,https://map.naver.com/p/entry/place/17063361,상시개방,무료,30분,,,,,,,,,,,,,
38,우도,제주특별자치도 제주시 우도면 연평리,소가 누워있는 형상을 하고 있는 제주의 가장 큰 부속섬,"우도봉에 올라 우도의 전경을 바라볼 수 있고 넓은 백사장, 아름다운 해수욕장, 해안코스를 즐길 수 있다","우도올레길을 따라 걸어도 되고 자전거, 스쿠터, 우도순환버스를 이용해 한 바퀴 돌아볼 수 있다",성산항과 종달항에서 우도가는 배를 탈 수 있는데 어디서 출발하든 15분 정도 소요된다.,11523,east,https://map.naver.com/p/entry/place/13491925,07:30 ~ 17:30,5000원,5시간,,,,,,,,,,,,,
39,동문재래시장,제주특별자치도 제주시 동문로 16,제주의 맛을 고스란히 담아낸 시장,"제주도 도심에 자리하며, 가장 크고 역사가 깊은 상설 재래시장이다","낮에는 제주도 상인들의 삶을 담은 시장의 모습을, 밤에는 먹거리가 가득한 야시장의 묘미를 즐길 수 있다","제주의 특산품, 기념품, 의류, 먹거리 등 온갖 다양한 상품을 판매하고 있다",322,north,https://map.naver.com/p/entry/place/11616005,08:00 ~ 21:00,무료,1시간,,,,,,,,,,,,,
40,사려니숲길,제주특별자치도 제주시 조천읍 교래리 산 137-1,삼나무 향기에 취하며 걷는 아름답고 청정한 숲길,비자림으로부터 시작해 사려니오름까지 이어져 있는 길이다,숲길 양쪽을 따라 다양한 수종이 자라며 울창한 자연림이 펼쳐진다,제주의 숨은 비경 31곳 중 하나이다,29,east,https://map.naver.com/p/entry/place/112862112,09:00 ~ 17:00,무료,3시간,,,,,,,,,,,,,
41,한담해안산책로,제주특별자치도 제주시 애월읍 곽지리 1359,해안선을 따라 걷는 구불구불 해안길,애월항에서 곽지과물해변까지 해안을 따라서 조성된 산책로이다,"총 길이는 1.2km이며, 바로 옆에 파도가 첨벙거리는 해안 길을 따라 걸을 수 있다",제주도의 서쪽에 위치하고 있어 아름다운 일몰을 잘 감상할 수 있다,35,west,https://map.naver.com/p/entry/place/13481090,상시개방,무료,1시간,,,,,,,,,,,,,
42,도두동무지개해안도로,제주특별자치도 제주시 도두일동 1734,무지개색으로 칠해진 방호벽이 있는 이색 도로,해안도로를 배경으로 빨주노초파남보 무지개색으로 칠해진 방호벽을 볼 수 있다,제주공항과 가까운 곳에 있어 여행 전후로 가볍게 드라이브를 즐길 수 있는 곳이다, 총 거리는 약 15분에서 20분 사이로 바다를 보며 산책하고 사진을 찍기에 제격이다,58,north,https://map.naver.com/p/entry/place/1037809518,상시개방,무료,30분,,,,,,,,,,,,,
43,서귀포매일올레시장,제주특별자치도 서귀포시 중앙로62번길 18,서귀포에 위치한 제주의 대표적인 전통시장,서귀포 물류의 중심지에 해당되는 제주의 대표적인 전통시장이다,"대표 먹거리로 4대 명물이라 불리는 오메기떡, 통닭, 꽁치김밥, 모닥치기가 있다",올레야시장은 서귀포 유일의 야시장으로 오후 17시부터 늦은 밤까지 운영한다,1335,south,https://map.naver.com/p/entry/place/13571992,07:00 ~ 20:00,무료,1시간,,,,,,,,,,,,,
44,성산일출봉,제주특별자치도 서귀포시 성산읍 성산리 78,제주의 아름다운 해맞이 명소,정상에 오르면 푸른 바다와 한라산이 한눈에 들어오며 아름다운 일출을 볼 수 있다,"정상에 이르는 가파른 계단 길은 숨이 가쁘나, 넉넉히 20분이면 꼭대기에 다다른다",천연기념물로 지정되어 있으며 유네스코 세계자연유산에 등재되었다,1119,east,https://map.naver.com/p/entry/place/11491438,07:30 ~ 19:00,5000원,1시간,,,,,,,,,,,,,
45,아르떼뮤지엄 제주,제주특별자치도 제주시 애월읍 어림비로 478,국내 최대의 몰입형 미디어 아트 뮤지엄,"벽과 바닥이 스크린으로, 최신기술을 활용한 미디어아트의 세계가 펼쳐진다",빛과 소리가 만드는 영원한 자연을 테마로 하는 11개의 다채로운 작품이 있다,과거 스피커 제조 공장으로 사용되던 공간을 업사이클링하여 선보인 공간이다,21331,west,https://map.naver.com/p/entry/place/1669734880,10:00 ~ 20:00,17000원,1시간,,,,,,,,,,,,,
46,비밀의숲,제주특별자치도 제주시 구좌읍 송당리 2173,상쾌한 피톤치드 향기를 맡으며 힐링하기 좋은 숲,양쪽으로 펼쳐진 나무 사이로 오솔길이 난 이색적인 풍경으로 유명하다,트레킹 하기 좋은 '안돌 오름' 인근에 위치한 편백나무 숲이다,"총 7개의 코스로 나뉘어 편백나무 숲, 목초지, 돌담 사이 통로 등의 다양한 풍경을 즐길 수 있다",2716,east,https://map.naver.com/p/entry/place/1104457165,09:00 ~ 17:00,3000원,1시간,,,,,,,,,,,,,
47,수목원길 야시장,제주특별자치도 제주시 연동 1320-2,제주의 밤을 화려하게 밝히는 숲 속 야시장,복합테마파크 형태이며 소나무군락지에 조성된 야시장이다,"숲 속을 밝힌 LED 조명과 푸드트럭, 프리마켓, 포토존마다 아기자기한 콘텐츠가 넘친다.","테마파크가 자랑하는 아이스뮤지엄과 VR체험관, 5D영상 관람관도 있다",139,north,https://map.naver.com/p/entry/place/1975398348,18:00 ~ 23:00,무료,1시간,,,,,,,,,,,,,
48,월정리해수욕장,제주특별자치도 제주시 구좌읍 월정리 33-3,바다 물색이 예쁘며 카페가 많은 늘어서있는 해변,수심이 얕은 편이기 때문에 아이를 동반한 가족들이 물놀이를 즐기기 좋다,해수욕장을 따라 분위기 좋은 카페들이 모인 카페거리가 있다,일정한 높이의 파도가 들어오며 서핑 등 다양한 수상레포츠를 즐기는 관광객이 많다,92,east,https://map.naver.com/p/entry/place/20561777,상시개방,무료,1시간,,,,,,,,,,,,,
49,보롬왓,제주특별자치도 서귀포시 표선면 번영로 2350-104,계절꽃을 만날 수 있는 카페,매 계절마다 달라지는 제주 꽃밭을 한아름 만끽할 수 있다,"갓 구워진 빵과 음료를 판매하며 대표메뉴로는 보롬커피, 보롬라떼, 눈꽃자몽이 있다",정원에 위치한 아름다운 꽃들을 배경으로 소중한 사진을 남기기 좋다,333,east,https://map.naver.com/p/entry/place/38780397,09:00 ~ 18:00,6000원,1시간,,,,,,,,,,,,,
50,신창풍차해안도로,제주특별자치도 제주시 한경면 신창리 1322-1,줄지어 서 있는 풍차를 만날 수 있는 해안도로,구불구불 해안선을 따라 하얀 풍차와 에메랄드빛 바다를 볼 수 있다,"생태체험장이라는 이름의 산책 코스이 있으며  자바리상과 원담체험장, 휴게 공간이 마련되어 있다",아름다운 일몰로도 손꼽히는 장소이다,38,west,https://map.naver.com/p/entry/place/17040007,상시개방,무료,30분,,,,,,,,,,,,,
51,산굼부리,제주특별자치도 제주시 조천읍 교래리 166-2,제주돌길을 따라 아름다운 억새를 구경할 수 있는 오름,잘 다듬어진 돌길이 있으며 경사가 높지 않아 천천히 산책하듯 걷기 좋다,가을에 광활한 억새가 만개하는 곳으로 유명하다,정상에서 주변의 성산일출봉과 오름들을 구경할 수 있다,7241,east,https://map.naver.com/p/entry/place/11491425,09:00 ~ 17:40,6000원,1시간,,,,,,,,,,,,,
52,도두봉,제주특별자치도 제주시 도두일동 산 2,시원한 바닷바람을 맞으며 제주의 야경을 즐길 수 있는 오름,제주 공항 바로 옆의 오름으로 경사가 완만하며 오르기 쉽다,비행기의 이착륙과 바다 전망을 볼 수 있다,삼각형 틈 사이로 바다와 함께 사진을 찍을 수 있는 키세스 존 포토스팟으로 유명하다,33,north,https://map.naver.com/p/entry/place/13481038,상시개방,무료,30분,,,,,,,,,,,,,
53,김녕해수욕장,제주특별자치도 제주시 구좌읍 해맞이해안로 7-6,아름다운 바다 풍경이 펼쳐진 해변,에메랄드 빛의 바다색과 고운 모래사장으로 유명하다,"주변에 야영장, 화장실, 탈의실, 샤워장과 같은 시설이 잘 갖추어져 있다","캠핑, 윈드서핑, 수상스키 등의 수상레저를 즐기기에 좋다",122,east,https://map.naver.com/p/entry/place/13491485,상시개방,무료,1시간,,,,,,,,,,,,,
54,용눈이오름,제주특별자치도 제주시 구좌읍 종달리 산 28,능선의 아름다움을 뽐내는 오름,"15분이면 정상에 오르며, 경사도가 완만해서 남녀노소 누구나 걷기에 편하다",부드러운 능선이 유독 아름다워 많은 사진 작가들이 찾는다,"봄, 여름에는 잔디가 가을, 겨울에는 억새로 뒤덮인다",64,east,https://map.naver.com/p/entry/place/13529824,상시개방,무료,1시간,,,,,,,,,,,,,
55,성이시돌목장,제주특별자치도 제주시 한림읍 금악동길 35,아름다운 풍경이 있는 목장,말과 젖소를 방목해서 사육하고 있는 곳이다,목장 안의 카페에서 목장에서 나는 유기농 우유로 만든 아이스크림을 즐길 수 있다,기념품 숍에서 목장에서 직접 만든 우유와 치즈 등을 구매할 수 있다,0,west,https://map.naver.com/p/entry/place/12049000,상시개방,무료,1시간,,,,,,,,,,,,,
56,세화해수욕장,제주특별자치도 제주시 구좌읍 해녀박물관길 27,아름다운 바다와 함께 즐기는 오일장과 플리마켓,하얀 모래와 검은 현무암이 에메랄드빛 바다와 아름다운 조화를 이루는 곳이다,바닷가 바로 옆에서 동부지역에서 가장 규모가 큰 세화민속오일장이 열린다,100여 팀 정도가 참여하는 큰 플리마켓 벨롱장으로 유명하다,64,east,https://map.naver.com/p/entry/place/13491684,상시개방,무료,1시간,,,,,,,,,,,,,
57,도치돌알파카목장,제주특별자치도 제주시 애월읍 도치돌길 303,애월 숲속에 자리한 제주 유일의 알파카전문목장,"숲 속에서 알파카를 비롯 양, 염소, 말, 토끼, 닭 등의 동물들에게 먹이를 주며  교감체험을 할 수 있다",목장 내 마련된 자연 그대로의 산책로를 따라 거닐 수 있다,목장을 바라보며 힐링할 수 있는 쉼터와 카페가 있다,2429,west,https://map.naver.com/p/entry/place/1519191855,10:00 ~ 17:30,15000원,2시간,,,,,,,,,,,,,
58,제주에인감귤밭,제주특별자치도 서귀포시 호근서호로 20-14,감귤을 직접 따고 휴식을 취할 수 있는 이색 카페,약 1kg의 감귤을 직접 수확해 보는 체험을 즐길 수 있다,별도로 마련된 포토 존에서 감귤밭을 배경으로 예쁜 감성 사진을 남길 수 있다,"카페 내부에 회색 벽, 촛대 등의 인테리어로 빈티지한 감성을 느낄 수 있다",658,south,https://map.naver.com/p/entry/place/1556085331,10:00 ~ 18:00,7000원,1시간,,,,,,,,,,,,,
59,산방산,제주특별자치도 서귀포시 안덕면 사계리 산 16,아름다운 자연 경관을 볼 수 있는 용암으로 만들어진 산,산에 오르면 넓게 펼쳐진 바다와 함께 용머리 해안도 볼 수 있다,우리나라에서 보기 드문 형태의 희귀한 화산 지형이다,"중간에 '산방굴'이라는 자연 석굴이 있으며, 불상이 안치되어 있다",63,south,https://map.naver.com/p/entry/place/13491591,09:00 ~ 18:00,1000원,3시간,,,,,,,,,,,,,
60,제주동백수목원,제주특별자치도 서귀포시 남원읍 위미리 927,붉은 아기동백이 올망종망 피어있는 동백숲,산책로가 따라 천천히 거닐면서 잘 가꾸어진 꽃을 감상하고 예쁜 기념사진을 촬영하기도 좋다,12월 초부터 개화하기 시작해 12월 말이면 만개한다,다른 동백 스팟에 비해 약 50년 된 거대한 동백나무가 가장 큰 특징이다,3611,south,https://map.naver.com/p/entry/place/1311209554,09:00 ~ 17:00,8000원,1시간,,,,,,,,,,,,,
61,산방산 탄산 온천,제주특별자치도 서귀포시 안덕면 사계북로 41번길 192,"제주 최조의 대중온천이자, 국내에서 보기 힘든 탄산 온천","이 탄산 온천에서 목욕을 하면 피부 미용에 도움을 주고, 피로 회복에도 좋아, 제주 여행을 하며 쌓인 여독을 풀기에 안성맞춤이다","내부의 유리로 설계 된 실내 탕과 외부 노천탕까지 있어, 산방산과 제주 푸른 바다를 보며 입욕을 즐기기 매우 좋다","유리탄산과 중탄산이온, 나트륨 등의 주요 성분이 국내의 타 온천들에 비해 5배 이상 함유한 최대치이다",22866,south,https://map.naver.com/p/entry/place/13044022,"실내온천 - 06:00 ~ 23:00
찜질방(불가마) - 06:00 ~ 22:00
야외노천탕 - 10:00 ~ 22:00",13000원,3시간,,,,,,,,,,,,,
62,이중섭거리,제주특별자치도 서귀포시 이중섭로 4-1 (서귀동),이중섭 미술관과 이중섭 거주지를 중심으로 조성된 문화거리,40세의 젊은 나이에 요절한 천재 화가 이중섭을 기리기 위해 피난 당시 거주했던 초가를 중심으로 조성된 거리이다,"주변에는 이중섭의 삽화가 들어간 기념품 및 각종 수공예품 판매점, 편집샵, 맛집 등이 즐비해 있다",서귀포에 머물며 명작을 남긴 예술가들의 삶의 자취를 더듬어보는 작가의 산책 길도 조성되어 있다,10,south,https://map.naver.com/p/entry/place/17046195,상시개방,무료,2시간,,,,,,,,,,,,,
63,가르송티미드 제주,제주특별자치도 제주시 한림읍 한림로 542,제주도 한림에 위치한 소품샵,제주도 유명한 푸딩 가게 우무 바로 옆에 있어 함께 방문하기 좋다,"스티커, 그립톡, 머그컵, 키링, 파우치 등 트렌디하고 귀여운 소품들을 판매하고 있다",귀여운 포토존 외부와 아기자기한 인테리어의 내부를 구경할 수 있다,304,west,https://map.naver.com/p/entry/place/1092330024,10:00 ~ 18:00,평균 10000원,30분,,,,,,,,,,,,,
64,이니스프리 제주 하우스,제주특별자치도 서귀포시 안덕면 신화역사로 23,"체험과 스토리가 있는 미식이 있는 이니스프리 코스메틱 및 카페
",제주 오설록 바로 옆에 위치한 이니스프리 하우스이다," 비누만들기 체험, 스탬프 엽서 만들기 등을 할수 있으며, 이니스프리 화장품 관련 제품을 판매하고 있다","카페에서는 제주의 스토리를 담은 브런치, 디저트, 카페 음료 등을 맛 볼수 있다",10628,west,https://map.naver.com/p/entry/place/31887096,9:00 ~ 18:00,평균 10000원,2시간,,,,,,,,,,,,,
65,선녀와 나무꾼,제주특별자치도 제주시 조천읍 선교로 267,옛 추억을 회상할 수 있는 실내 테마 공원,옛 서울역의 모습을 재현한 건물로 들어서면 다양한 테마의 건물 모형에 옛날 물건들이 전시되어 있다,실내에 조성되어 있어 날씨에 관계없이 즐길 수 있다,"옛 장터 거리와 달동네 풍경, 추억의 영화마을, 추억의 학교, 농업박물관 등 다양한 테마에서 체험을 하고 추억을 남길 수 있다 ",6917,east,https://map.naver.com/p/entry/place/12870248,09:00 ~ 18:00,13000원,2시간,,,,,,,,,,,,,
66,비밀의숲,제주특별자치도 제주시 구좌읍 송당리 2173,양옆으로 높게 자란 편백나무숲이 신비로운 송당리의 핫플 비밀의숲,경관을 감상하며 산책로를 걸을 수 있다,인생 사진을 건지기 좋다,체력적으로 힘든 구간이 없어 남녀노소 방문하기 좋으나 교통이 불편해서 렌트카 여행 시 추천한다,2717,east,https://map.naver.com/p/entry/place/1104457165,09:00 ~ 17:00,3000원,40분,,,,,,,,,,,,,
67,제주김녕미로공원,제주특별자치도 제주시 구좌읍 만장굴길 122,사계절 푸르름을 유지하는 상록수 랠란디(Leylandii)가 수벽을 이루고 있는 우리나라 최초의 미로공원,"랠란디 나무 특유의 향기와, 공원 바닥 내 화산석 ‘송이’는 헛갈리는 미로를 헤매다 나온 여행자들에게 한결 맑은 기운을 느끼게 만든다", 공원 이곳저곳에 50여 마리의 고양이들이 자유롭게 살아가는 김녕미로공원은 우리나라 최초의 고양이 공원으로 알려질 만큼 어여쁜 고양이들을 구석구석에서 만날 수 있는 곳이다,운영 수익금을 매년 제주대학교를 비롯한 지역사회로 환원하고 있다,7164,east,https://map.naver.com/p/entry/place/12405292,09:00-17:50,7700원,1시간,,,,,,,,,,,,,
68,한림공원,제주특별자치도 제주시 한림읍 한림로 300,"아열대 식물원, 분재원, 민속마을, 야자수길, 동굴, 조류사파리, 연못정원, 수석전시관, 야외 산책 오솔길 등 9개 테마로 이루어진 테마 공원",10만 평의 거대한 규모이다,월 별 제주에서 볼 수 있는 다양한 꽃들을 만날 수 있는 장소이기도 하다,매년 1백만명 이상의 국내외 방문객들이 찾는 세계 유명 명소이다,12905,west,https://map.naver.com/p/entry/place/11491281,09:00 - 17:30,15000원,2시간,,,,,,,,,,,,,
69,한라산국립공원,제주특별자치도 제주시 1100로 2070-61,"지리산, 북한의 금강산과 함께 한반도의 3대 영산에 속하는 산","한반도의 최남단에 위치하고 있으며, 높이 해발 1,950m로 남한에서 가장 높다",다양한 식생 분포를 이뤄 학술적 가치가 매우 높다,유네스코가 지정한 · 세계생물권보존지역 · 세계자연유산 · 세계지질공원이다,513,south,https://map.naver.com/p/entry/place/16998220,코스별 상이,무료,9시간,,,,,,,,,,,,,
70,거문오름,제주특별자치도 제주시 조천읍 선교로 569-36,"제주도의 오름 중 유일하게 유네스코 세계자연유산에 등재됐으며, 숲이 우거져 검게 보여 검은 오름이라 하였다고 전해짐",거문 오름에서 흘러나온 용암류가 경사를 따라 북동쪽 해안가까지 흘러가면서 지질학적 가치가 높은 화산 지형과 용암 동굴을 만들어 냈다,"정상에 오르면 거문오름 용암동굴계를 만든 화산의 분화구가 한눈에 보이고, 분화구 안에는 낮게 솟아 오른 작은 봉우리들이 있다","주변에는 용암동굴을 비롯하여 산탄, 용암함몰구, 수직동굴, 식나무와 붓순나무 군락, 풍혈(바람 구멍)등 다양하게 발달한 화산 지형들을 관찰 할 수 있다",113,east,https://map.naver.com/p/entry/place/20378654,09:00-13:00,2000원,2시간,,,,,,,,,,,,,
71,포도뮤지엄,제주특별자치도 서귀포시 안덕면 산록남로 788,다양성을 존중하고 서로의 생각을 공유하는 전시를 볼 수 있는 열린 문화공간,"전시, 체험, 미디어 아트 등 다양한 감각적 경험을 선사한다",실내라서 비올 때 가기 좋다,포도뮤지엄이 직접 기획한 전시를 통해 개인과 사회에 대해 깊은 생각을 해볼 수 있다,2640,south,https://map.naver.com/p/entry/place/1515858677,10:00 ~ 18:00,무료,2시간,,,,,,,,,,,,,
72,아부오름,"제주특별자치도 제주시 구좌읍 송당리 산 164-1
",제주의 오름을 좀 더 가깝게 느낄 수 있는 아부오름,오름 둘레까지 오르는데 어렵지 않게 오를 수 있고 제주오름의 모습을 가깝게 느낄 수 있어 최근 각광 받고 있다,다른 오름에 비해서 삼나무가 많이 심어져 있어서 오솔길을 걷는 느낌을 받을 수 있다,일몰에 피크닉을 즐기기 좋다,13,east,https://map.naver.com/p/entry/place/13481082,상시개방,무료,30분,,,,,,,,,,,,,
73,감따남,제주특별자치도 서귀포시 월산로 16,감귤밭 체험과 카페를 동시에 즐길 수 있는 곳,내부에서는 창밖으로 귤밭을 보며 음료를 마실 수 있고 야외공간에는 곳곳에 테이블과 포토존이 있다,"감귤, 한라봉 철에는 예약 없이 바로 체험이 가능해 체험을 위해 방문하는 방문객들이 많다",농장에서 수확한 만감류를 이용한 메뉴들 위주로 판매하고 있으며 음료와 더불어 귤꽃피크닉 세트를 판매하고 있어 구매 시 야외 귤밭에서 피크닉을 즐길 수 있다,508,south,https://map.naver.com/p/entry/place/1540496129,11:00 ~ 18:00,15000원,2시간,,,,,,,,,,,,,
74,숨도,제주특별자치도 서귀포시 일주동로 8941 (호근동),제주 고유의 자연생태를 아끼고 보존하고자 20여년의 세월동안 지극하게 가꿔 온 제주형 생태정원& 카페 문화공간,국내 및 제주에 서식지를 둔 귀한 야생화들이 사시사철 다른 모습으로 다채롭게 어우러진 정원산책을 즐길 수 있다,"야외정원, 실내전시장, 카페시설을 이용할 수 있다",< 사운드 오브 아일랜드 홀 > 에서 15000장의 LP 음악을 즐길 수 있다,1077,south,https://map.naver.com/p/entry/place/11562701,08:00 ~ 18:00,6000원,2시간,,,,,,,,,,,,,
75,이중섭미술관,제주특별자치도 서귀포시 이중섭로 27-3,불운한 시대의 천재 화가 이중섭의 작품을 전시한 미술관,천재화가 이중섭의 그의 높은 창작 열의와 불멸의 예술성을 후대에 기리고자 건립된 전시관,문화인들의 기증과 노력으로 이중섭의 서귀포 생활 당시의 모습이 담긴 작품을 비롯해 여러 작품이 전시되고 있다.,그 밖에 김환기(金煥基)·박생광(朴生光)·이응로(李應魯)·장욱진(張旭鎭) 등 30명이 넘는 현대 한국화가·서양화가 등의 작품도 전시되고 있다,2080,south,https://map.naver.com/p/entry/place/13178908,09:30 - 17:30,1500원,1시간,,,,,,,,,,,,,
76,서귀다원,제주특별자치도 서귀포시 516로 717,"제주도 한라산 해발 250m 청정지역에서 재배된 제주 청정 유기농 녹차 공원
",입장료 5000원을 내면 광활한 녹차밭을 보며 차를 즐길 수 있다,유기농으로 재배하는 녹차밭과 시원하게 보이는 한라산의 분위기가 운치있는 차밭이다,"개인이 운영하는 작은 다원이지만, 좁은 길과 가지런한 차 밭이 수수하고 그림같이 아름답다",1229,south,https://map.naver.com/p/entry/place/13317323,09:00 ~ 17:00,5000원,1시간,,,,,,,,,,,,,
77,여미지식물원,제주특별자치도 서귀포시 중문관광로 93,마음의 안식을 주는 동양 최대의 온실 식물원,"아름다운 땅이라는 뜻을 가진 여미지 식물원은 동양 최대의 온실정원을 소유하고 있으며, 넓게 펼쳐진 야외정원까지있는 실내외 식물원이다.","야외정원은 야자수와 같은 커다란 나무가 숲을 이루며, 한국, 일본, 이탈리아, 프랑스 등 각국의 나라 방식으로 재현한 정원 등을 감상할 수 있다.","온실정원은 신비의 정원, 꽃의 정원, 물의 정원, 선인장 정원, 열대 정원 등 다양한 정원들로 이루어져 있다.",5540,south,https://map.naver.com/p/entry/place/11583650,08:00 ~ 18:00,12000원,2시간,,,,,,,,,,,,,
78,월정투명카약,"제주특별자치도 제주시 구좌읍 월정리 1400-33
","바닷속을 직접 배안에서 볼 수 있는 카약체험
",바닷 속이 훤히 보이는 투명한 카약을 타고 바다 위를 둥둥 떠나니며 여유로움을 만끽하는 수상 체험이다,"월정리해변 이외에도 카약을 탈수 있는 곳이 몇 곳 있지만, 물이 맑고 수심이 얕은 월정리에서는 더 신비롭고 비교적 안정감을 주는 카약을 즐길 수 있다",바쁜 일상에서 벗어나 자연과 오로지 앞에 있는 사람에게만 집중할 수 있는 시간이 만들어져 커플과 사진찍기를 좋아하는 젊은 사람들 사이에 각광을 받는다,801,east,https://map.naver.com/p/entry/place/1020674760,10:00 ~ 18:00,15000원,30분,,,,,,,,,,,,,
79,제주월령리선인장군락,"제주특별자치도 제주시 한림읍 월령리 359-4
",이국적인 분위기를 풍기는 선인장 군락지,해안을 따라 높게 세워진 풍력발전기와 바위 틈과 마을 속 곳곳에 자리잡고 있는 '손바닥 선인장'을 쉽게 찾아볼 수 있다,여름이 되면 까만 현무암 사이로 노란 꽃과 자색 열매를 맺으며 장관을 이룬다.,산책하며 사진 찍기 좋다,22,west,https://map.naver.com/p/entry/place/13481089,상시개방,무료,30분,,,,,,,,,,,,,
80,본태박물관,제주특별자치도 서귀포시 안덕면 산록남로762번길 69,"피카소, 달리, 백남준, 앤디 워홀, 쿠사마 야요이 등 세계적 예술 거장들의 현대미술작품과 한국 전통 공예품들이 조화를 이루어 전시되어 있는 박물관",프리츠커상(1995)을 수상한 건축가 안도 다다오(1941~)가 설계한 본태박물관은 빛과 물이 조화롭게 어우러진 건축의 뛰어난 수준을 보여준다.,전시 뿐 아니라 자선사업 · 교육 · 세미나 · 강연 등 다양한 활동을 펼치고 있는 복합문화공간이다,세계적인 건축가 안도다다오의 자연 친화적인 건축과 전통공예 · 현대미술이 조화를 이룬다,8818,south,https://map.naver.com/p/entry/place/31346905,10:00 ~ 18:00,25000원,2시간,,,,,,,,,,,,,
81,새연교,제주특별자치도 서귀포시 서홍동 707-4,"왼쪽으로 선착장, 오른쪽으로는 아름답게 펼쳐진 바다를 볼 수 있는, 서귀포항과 새섬을 연결하는 다리","주변에는 보행 산책로와 새섬 산책로, 뮤직 벤치 등이 설치되어 있어 관광을 하며 산책하기 좋다",각종 이벤트와 공연 행사 또한 이루어지고 있어 새연교를 방문하는 관광객들에게 즐길 거리를 제공하고 있다,밤에는 음악분수와 멋진 야경을 즐길 수 있다,34,south,https://map.naver.com/p/entry/place/17052534,상시개방,무료,2시간,,,,,,,,,,,,,
82,큰엉해안경승지,제주특별자치도 서귀포시 남원읍 태위로 522-17 큰엉전망대,화산 용암 덩어리와 바다가 만나 아름다운 해안 절경을 만든 곳,해안산책로를 따라 산책하기 좋다,일몰시간에 맞춰 방문하면 바다의 수평선 너머로 해가 뉘엿 뉘엿 지는 아름다운 모습을 볼 수 있다,그 유명한 한반도 포토스팟을 만날 수 있는 곳이다,34,south,https://map.naver.com/p/entry/place/37072419,상시개방,무료,1시간,,,,,,,,,,,,,
83,아날로그감귤밭,제주특별자치도 제주시 해안마을8길 46,아날로그 감성으로 가득 채워진 감귤 체험장 & 카페,귤이 나는 철에는 농약을 치지 않은 귤 밭에서 직접 귤을 따는 체험을 해볼수 있다,귤 밭 곳곳에 꾸며진 포토 스팟은 제주에서의 감귤 체험을 특별한 감성으로 채울 수 있게 공간을 선물한다,유기농 음료를 마실 수 있는 카페의 내부 공간도 카메라 셔터를 유발할 만큼 깔끔하고 감각 있게 꾸며져 있다,225,north,https://map.naver.com/p/entry/place/37072419,11:00 ~ 18:00,7000원,2시간,,,,,,,,,,,,,
84,여름문구사,"제주특별자치도 제주시 구좌읍 구좌로 77
",제주여행을 특별하게 기념할 수 있는 아기자기한 추억 보관소,아담한 시골 초등학교 옆에 자리한 여름문구사는 아이들보다 키덜트 취향을 저격하는 독특한 공간이다,"어릴 적 한 번쯤 먹어봤을 법한 불량 식품부터 세련된 다이어리, 촌스러움과 소박함의 경계를 오가는 그림엽서까지 귀여운 것들로 가득차있다.","각 아이템들마다 주인장의 센스있는 설명 글귀들이 써져 있는데, 소소한 웃음을 자아낸다.",258,east,https://map.naver.com/p/entry/place/37072818,11:00 ~ 18:00,평균 10000원,30분,,,,,,,,,,,,,
85,유민 미술관,제주특별자치도 서귀포시 성산읍 고성리 21,세계적인 건축가 안도 타다오가 설계한 국내 유일 아르누보 유리공예 미술관,절제된 건축양식과 노출 콘크리트로 유명한 건축가 안도 타다오의 건축물과 아르누보의 유리공예를 감상할 수 있는 곳이다,"관람자가 건물 곳곳에서 섭지코지의 물, 바람, 빛, 소리를 느낄 수 있도록 공간을 연출하였다",자연과 어우러지는 건축물을 좋아하는 안도타다오가 만든 돌액자 틈 사이로 보이는 제주 바다와 성산일출봉이 예술이다,2,east,https://map.naver.com/p/entry/place/1554696656,09:00 ~ 18:00,12000원,1시간,,,,,,,,,,,,,
86,노형 수퍼마켙,"제주특별자치도 제주시 노형로 89
",흑백의 제주라는 독특한 세계관을 보여주는 미디어아트 전시장,"우리가 사는 세상과 또 다른 세상을 연결 시켜주는 잃어버린 문, 1981년 어느날 노형수퍼마켙에 이 불안정한 문이 열려 제주의 색을 모두 빨아들인다는 세계관이다",다섯 가지 테마 중 시작은 ‘노형수퍼마켙’이다. 이곳은 오직 명도로만 구분되는 흰색과 검은색만이 존재한다,나머지 테마들에서는 하나의 색 또는 공간을 주제로 미디어 아트를 선사한다,8148,north,https://map.naver.com/p/entry/place/1573461858,09:00 ~ 19:00,15000원,2시간,,,,,,,,,,,,,
87,더마파크,제주특별자치도 제주시 한림읍 월림7길 155,세계최초의 말전문 테마공원,스펙타클한 기마공연과 함께 고품격승마등 볼거리와 즐길거리가 함께있는 체험형 테마공원이다,승마체험은 초보부터 전문가까지 아우르는 다양한 코스를 제공한다,"그밖에 기마공연, 말 먹이주기 체험, 카트체험 등이 있다",9635,west,https://map.naver.com/p/entry/place/13028494,09:00 ~ 17:00,22000원,3시간,,,,,,,,,,,,,
88,만춘서점,제주특별자치도 제주시 조천읍 함덕로 9,"좋은 책과 좋은 음악이 있는, 작지만 특별한 책방","창가에 있는 1인용 테이블에 앉아 책과 읽을 수 있고, 서점 앞 작은 마당에도 책을 읽을 수 있는 의자가 마련되어 있다.",주인장이 엄선한 좋은 책들이 진열되어 있다.,"책들뿐만 아니라 좋은 음악이 담겨있는 음반들이 CD, LP, 테이프 등 다양한 형태로 비치되어 있으며, 이외에도 예쁜 엽서나 메모지 등을 판매하고 있다.",729,north,https://map.naver.com/p/entry/place/930513503,11:00 ~ 18:00,평균 20000원,1시간,,,,,,,,,,,,,
89,연화차,제주특별자치도 제주시 조천읍 선교로 46,제주 동쪽 중산간 윗밤 오름과 알밤 오름 사이에 위치한 아름다운 작은 마을 선흘에서 부부가 운영하는 티클래스,일 년 동안 자연의 순환 안에서 각각의 시기에 피어나는 야생초를 직접 채취하며 차를 만든다,특별하게 준비된 스폐셜티 한 종류와 체질에 맞는 두 종류의 차를 정성껏 만든 세 가지의 다식과 함께 먹을 수 있다,100% 예약제로 운영된다,1383,east,https://map.naver.com/p/entry/place/1626068590,10:00 ~ 17:00,20000원,1시간,,,,,,,,,,,,,
90,제주불빛정원,"제주특별자치도 제주시 애월읍 평화로 2346
","아름다운 불빛 조형물과 따뜻한 모닥불, 자연과 휴식이 있는 매력적인 야경의 별이 빛나는 밤 아름다운 추억 테마파크",일몰부터 자정까지 밤의 정취를 만끽하는 제주시의 대표적인 야간 명소다,"화려한 불빛과 음악, 분위기 있는 포토존이 어우러져 늦은 밤까지 시간을 보내기 좋다",제주 시내와 가깝고 도로에 인접해 찾아가기도 편하다,4853,north,https://map.naver.com/p/entry/place/876072168,17:00 ~ 24:00,12000원,1시간,,,,,,,,,,,,,